"title-titre-eng","title-titre-fra","referenceNumber-numeroReference","amendmentNumber-numeroModification","solicitationNumber-numeroSollicitation","publicationDate-datePublication","tenderClosingDate-appelOffresDateCloture","amendmentDate-dateModification","expectedContractStartDate-dateDebutContratPrevue","expectedContractEndDate-dateFinContratPrevue","tenderStatus-appelOffresStatut-eng","tenderStatus-appelOffresStatut-fra","gsin-nibs","gsinDescription-nibsDescription-eng","gsinDescription-nibsDescription-fra","unspsc","unspscDescription-eng","unspscDescription-fra","procurementCategory-categorieApprovisionnement","noticeType-avisType-eng","noticeType-avisType-fra","procurementMethod-methodeApprovisionnement-eng","procurementMethod-methodeApprovisionnement-fra","selectionCriteria-criteresSelection-eng","selectionCriteria-criteresSelection-fra","limitedTenderingReason-raisonAppelOffresLimite-eng","limitedTenderingReason-raisonAppelOffresLimite-fra","tradeAgreements-accordsCommerciaux-eng","tradeAgreements-accordsCommerciaux-fra","regionsOfOpportunity-regionAppelOffres-eng","regionsOfOpportunity-regionAppelOffres-fra","regionsOfDelivery-regionsLivraison-eng","regionsOfDelivery-regionsLivraison-fra","contractingEntityName-nomEntitContractante-eng","contractingEntityAddressLine-ligneAdresseEntiteContractante-eng","contractingEntityAddressCity-entiteContractanteAdresseVille-eng","contractingEntityAddressProvince-entiteContractanteAdresseProvince-eng","contractingEntityAddressPostalCode-entiteContractanteAdresseCodePostal","contractingEntityAddressCountry-entiteContractanteAdressePays-eng","contractingEntityName-nomEntitContractante-fra","contractingEntityAddressLine-ligneAdresseEntiteContractante-fra","contractingEntityAddressCity-entiteContractanteAdresseVille-fra","contractingEntityAddressProvince-entiteContractanteAdresseProvince-fra","contractingEntityAddressCountry-entiteContractanteAdressePays-fra","endUserEntitiesName-nomEntitesUtilisateurFinal-eng","endUserEntitiesAddress-adresseEntitesUtilisateurFinal-eng","endUserEntitiesName-nomEntitesUtilisateurFinal-fra","endUserEntitiesAddress-adresseEntitesUtilisateurFinal-fra","contactInfoName-informationsContactNom","contactInfoEmail-informationsContactCourriel","contactInfoPhone-contactInfoTelephone","contactInfoFax","contactInfoAddressLine-contactInfoAdresseLigne-eng","contactInfoCity-contacterInfoVille-eng","contactInfoProvince-contacterInfoProvince-eng","contactInfoPostalcode","contactInfoCountry-contactInfoPays-eng","contactInfoAddressLine-contactInfoAdresseLigne-fra","contactInfoCity-contacterInfoVille-fra","contactInfoProvince-contacterInfoProvince-fra","contactInfoCountry-contactInfoPays-fra","noticeURL-URLavis-eng","noticeURL-URLavis-fra","attachment-piecesJointes-eng","attachment-piecesJointes-fra","tenderDescription-descriptionAppelOffres-eng","tenderDescription-descriptionAppelOffres-fra"
"Open Construction Source List for CFB Halifax","Répertoire ouvert d’entrepreneurs en construction pour la BFC Halifax","MX-443841357513","000","AR26SLHX_86026","2026-01-23","2029-03-31T13:00:00","","","","Open","Ouvert","","","","","","","*CNST","","","Competitive - Open bidding","Concurrentielle - Invitation ouverte à soumissionner","","","","","*World Trade Organization Agreement on Government Procurement (WTO GPA)
*Canadian Free Trade Agreement (CFTA)
*Canada-European Union Comprehensive Economic and Trade Agreement (CETA)","*Accord sur les marchés publics de l'Organisation mondiale du commerce (AMP-OMC)
*Accord de libre-échange canadien (ALEC)
*Accord économique et commercial global (AECG) entre le Canada et l’Union européenne (UE)","","","","","Defence Construction Canada - Atlantic Region","175 Western Parkway, Suite 100","Bedford","Nova Scotia","B4B 0V1","Canada","Defence Construction Canada - Atlantic Region","175 Western Parkway, Suite 100","Bedford","Nouvelle-Écosse","Canada","","","","","Andre Champagne","andre.champagne@dcc-cdc.gc.ca","873-354-7245","","","","","","","","","","","https://www.merx.com/public/solicitations/3776296409/abstract?language=EN","https://www.merx.com/public/solicitations/3776296409/abstract?language=FR","","","
	Defence Construction Canada (DCC) is inviting contractors and suppliers to apply to be placed on an Open Construction Source List (OCSL) for commercial, residential, industrial, institutional, and civil work required by the Department of National Defence, at CFB Halifax (and its satellite sites in Nova Scotia) for three fiscal years (April 1, 2026, to March 31, 2029).
	Interested contractors and",""
"Request for Supply Arrangement - Accessibility Assessment Consultants – Parks Canada – Nationally","Arrangement en matière d’approvisionnement pour les consultants en évaluation de l’accessibilité – Parcs Canada - Nationale","cb-8544-74725766","002","5P047-21-0068","2023-08-28","2099-11-22T14:00:00","2026-09-08","2023-08-29","2099-11-22","Open","Ouvert","","","","*84111600","*Audit services","*Services d'audit","*SRV","Request for Supply Arrangement","Demande pour un arrangement en matière d’approvisionnement","Competitive - Open bidding","Concurrentielle - Invitation ouverte à soumissionner","Variations or combinations of the above methods","Variations ou combinaisons des méthodes susmentionnées","","","*Canada-Honduras Free Trade Agreement
*Canadian Free Trade Agreement (CFTA)
*Canada-Panama Free Trade Agreement
*Canada-Chile Free Trade Agreement (CCFTA)
*Canada-Colombia Free Trade Agreement
*Canada-Peru Free Trade Agreement (CPFTA)
*Canada-Korea Free Trade Agreement (CKFTA)
*North American Free Trade Agreement (NAFTA)
*Comprehensive and Progressive Agreement for Trans-Pacific Partnership (CPTPP)
*Canada-European Union Comprehensive Economic and Trade Agreement (CETA)
*Canada-Ukraine Free Trade Agreement (CUFTA)
*World Trade Organization Agreement on Government Procurement (WTO GPA)","*Accord de libre-échange Canada-Honduras
*Accord de libre-échange canadien (ALEC)
*Accord de libre-échange Canada-Panama
*Accord de libre-échange Canada-Chili (ALECC)
*Accord de libre-échange Canada-Colombie
*Accord de libre-échange Canada-Pérou (ALECP)
*Accord de libre-échange Canada-Corée
*Accord de libre-échange nord-américain (ALENA)
*Accord de Partenariat transpacifique global et progressiste (PTPGP)
*Accord économique et commercial global (AECG) entre le Canada et l’Union européenne (UE)
*Accord de libre-échange Canada-Ukraine (ALECU)
*Accord sur les marchés publics de l'Organisation mondiale du commerce (AMP-OMC)","*World","*Monde","*World","*Monde","Parks Canada","P.O Box 130","Rocky Harbour","Newfoundland","A0K 4N0","Canada","Parc Canada","Boîte postale","Rocky Harbour","Terre-Neuve","Canada","","","","","Bonnie Knott","bonnie.knott@pc.gc.ca","(709) 636-4953","","P.O Box 130","Rocky Harbour","Newfoundland","A0K 4N0","Canada","Boîte postale","Rocky Harbour","Terre-Neuve","Canada","","","https://canadabuys.canada.ca/sites/default/files/webform/tender_notice/12865/solicitation-amendment-5p047-21-0068-en-final.pdf,https://canadabuys.canada.ca/sites/default/files/webform/tender_notice/8544/5p047-21-0068---rfsa---accessibility-assessment-consultants---parks-canada---nationally-cb.pdf","https://canadabuys.canada.ca/sites/default/files/webform/tender_notice/12865/solicitation-amendment-5p047-21-0068-fr_final.pdf,https://canadabuys.canada.ca/sites/default/files/webform/tender_notice/8544/5p047-21-0068---ama-pour-les-consultants-en-evaluation-de-laccessibilite---parcs-canada--cb_0.pdf","5P047-21-0068 	Request for Supply Arrangement - Accessibility Assessment Consultants – Parks Canada – Nationally

NOTE: This is not a new solicitation. It was previously posted in Buy and Sell and has been cancelled and moved to Canada Buys.
https://canadabuys.canada.ca/en/tender-opportunities/tender-notice/pw-21-00971017

BIDS RECEIVED BY EMAIL WILL BE ACCEPTED AS OFFICIAL. 

BIDS RECEIVED IN-PER",""
"RFP01 - Get Cyber Safe Public Awareness Campaign","DDP - Campagne de sensibilisation Pensez cybersécurité","WS5751633058-Doc5883385834","000","WS5751633058","2026-09-15","2026-10-06T14:00:00","2026-09-15","2026-10-30","","Open","Ouvert","","","","*80171602","*Online and social media publicity service","*Service de publicité en ligne et sur les médias sociaux","*SRV","Request for Proposal","Demande de propositions","Competitive - Open bidding","Concurrentielle - Invitation ouverte à soumissionner","Highest Combined Rating of Technical Merit and Price","Cote combinée la plus élevée pour le mérite technique et le prix","None","","*Canada-European Union Comprehensive Economic and Trade Agreement (CETA)
*World Trade Organization Agreement on Government Procurement (WTO GPA)
*Canadian Free Trade Agreement (CFTA)
*Canada-Ukraine Free Trade Agreement (CUFTA)","*Accord économique et commercial global (AECG) entre le Canada et l’Union européenne (UE)
*Accord sur les marchés publics de l'Organisation mondiale du commerce (AMP-OMC)
*Accord de libre-échange canadien (ALEC)
*Accord de libre-échange Canada-Ukraine (ALECU)","","","*Canada","*Canada","Department of Public Works and Government Services (PSPC)","11 Laurier St, Phase III, Place du Portage","Gatineau","Quebec","K1A 0S5","Canada"," Ministère des Travaux publics et des Services gouvernementaux (SPAC)","11, rue Laurier, Phase III, Place du Portage","Gatineau","Québec","Canada","Communications Security Establishment (CSEC)","P.O. Box 9703, Terminal,Ottawa,Ontario,K1G 3Z4,Canada"," Centre de la sécurité des télécommunications (CSTC)","C.P. 9703, Terminal,Ottawa,Ontario,K1G 3Z4,Canada","MacConaill, Niall (SPAC/PSPC) (il-lui / he-him)","niall.macconaill@tpsgc-pwgsc.gc.ca","","","","","","","","","","","","https://portal.us.bn.cloud.ariba.com/dashboard/public/appext/comsapsbncdiscoveryui#/RfxEvent/preview/1110025113?anId=ANONYMOUS","https://portal.us.bn.cloud.ariba.com/dashboard/public/appext/comsapsbncdiscoveryui#/RfxEvent/preview/1110025113?anId=ANONYMOUS","","","AMENDMENT TO CLOSING TIME: Please disregard the Ariba Discovery posting response deadline closing time and CanadaBuys posting closing time. All required supporting documentation and bid submission must be submitted by 6 October 2026 at 14:00 EDT. All bids submitted after 14:00 EDT will result in the bid being declared non-responsive. Canada is looking for a marketing agency to develop and deliver ",""
"Uninterruptible Power Supply (UPS) Equipment and Batteries","Équipement d’alimentation sans coupure (ASC) et batteries","cb-922-39384332","000","W6369-27DE45 ","2026-09-14","2026-09-29T14:00:00","","2026-09-30","2026-10-30","Open","Ouvert","","","","*25173900
*39120000
*39121500
*39121700","*Electrical components
*Electrical equipment and components and supplies
*Electrical controls and accessories
*Electrical hardware and supplies","*Composants électriques
*Équipements, composants et fournitures électriques
*Interrupteurs, commutateurs, commandes, relais et accessoires
*Matériel et fournitures électriques","*GD","RFP against Supply Arrangement","Demande de proposition découlant d’un arrangement en matière d’approvisionnement","Competitive - Selective tendering","Concurrentielle - Appel d'offres sélectif","Lowest Price","Prix le plus bas","","","*Canadian Free Trade Agreement (CFTA)","*Accord de libre-échange canadien (ALEC)","*Canada","*Canada","*Canada","*Canada","Department of National Defence (DND)","60 Moodie Dr","Ottawa ","ON ","K1A 0K2","Canada","Ministère de la Défense nationale (MDN)","60 Moodie Dr","Ottawa ","ON ","Canada","","","","","Charles Nwachukwu","MAT.DESProc.3-4.DOSE@forces.gc.ca","","","60 Moodie Dr","Ottawa ","ON ","K1A 0K2","Canada","60, promenade Moodie","Ottawa","(Ontario)","Canada","","","https://canadabuys.canada.ca/sites/default/files/webform/tender_notice/106180/w6369-27de45---npp_en_2.pdf","https://canadabuys.canada.ca/sites/default/files/webform/tender_notice/106180/w6369-27de45---npp_fr_2.pdf","The Department of National Defence has a requirement for the supply of Uninterruptible Power Supply (UPS) Equipment. The delivery is requested at CFB Bagotville, B78 Edmonton Street, Alouette, QC G0V 1A0.",""
"54H60-77 Propeller Overhaul","54H60-77 – Révision d’une hélice","cb-759-89124622","000","26-58160","2026-09-23","2026-10-09T14:00:00","","2026-10-19","2028-03-30","Open","Ouvert","","","","*25130000
*41100000
*41110000
*41120000","*Aircraft
*Laboratory and scientific equipment
*Measuring and observing and testing instruments
*Laboratory supplies and fixtures","*Aéronefs
*Équipements scientifiques et de laboratoire
*Instruments d'essai, d'examen et de mesure
*Fournitures et matériels de laboratoire","*GD","Advance Contract Award Notice","Préavis d’attribution du contrat","Advance contract award notice","Préavis d'attribution du contrat","","","","","*Please refer to Tender Description or Tender Documents","*Veuillez consulter la description ou les documents de l'appel d'offres","","","","","National Research Council of Canada (NRC)","800 Collip Circle","London","Ontario","N6G 4X8","Canada","Conseil national de recherches du Canada (CNRC)","800 Collip Circle","London","Ontario","Canada","","","","","Karl Payong","Karl.Payong@nrc-cnrc.gc.ca","","","","","","","","-","-","-","-","","","https://canadabuys.canada.ca/sites/default/files/webform/tender_notice/107828/acan-26-58160--en-vf.pdf","https://canadabuys.canada.ca/sites/default/files/webform/tender_notice/107828/acan-26-58160---fr-vf.pdf","The National Research Council has a requirement to overhaul one 54H60-77 model propeller.  The work will involve the following:  disassembly of the propeller, inspecting for damage, and refurbishing the propeller to the manufacturer’s specifications.",""
